product_id,sku,name,short_description,price,list_price,discount,discount_rate,rating_average,review_count_x,order_count,stock_qty,max_sale_qty,brand_id,brand_name,inventory_status,is_visible,product_url,description,specifications,seller_id,seller_name,seller_type,seller_rating,seller_review_count,seller_product_count,seller_is_official,seller_link,category_id,category_lv1,category_lv2,category_lv3,quantity_sold,review_count_y,review_count,popularity_score,cbf_score,absa_score,category_match_score,hybrid_score
87483010,8145240000000,Miếng Lót Sơ Sinh Bobby Fresh Newborn 2 - 60 (60 Miếng),"GIỚI THIỆUBobby là nhãn hiệu số 1 trên thị trường cùng sản phẩm cải tiến vượt trội. Ứng dụng thành công Công nghệ ép lõi đặc biệt cho tã mỏng không tưởng chỉ 3mm mà vẫn thấm hút bất ngờ, khô thoáng t...",125000,140300,15300,11,5,178,,1000,1000,26863,Bobby,available,,https://tiki.vn/product-p87483010.html?spid=87483011,"GIỚI THIỆU Bobby là nhãn hiệu số 1 trên thị trường cùng sản phẩm cải tiến vượt trội. Ứng dụng thành công Công nghệ ép lõi đặc biệt cho tã mỏng không tưởng chỉ 3mm mà vẫn thấm hút bất ngờ, khô thoáng tối đa. Bước đột phá trong cải tiến sản phẩm Tã dán lõi nén Cotton-soft 3 mm và Tã quần lõi nén thần kỳ 3 mm đã đáp ứng các nhu cầu quan trọng nhất cũng như khắt khe nhất của khách hàng, tạo nên Cuộc cách mạng ngành tã trẻ em. ĐẶC ĐIỂM NỔI BẬT 1. Lớp thấm nhanh siêu tốc: Bề mặt với 8000 lỗ thấm hút siêu nhanh cho da bé luôn khô thoáng. 2. Rãnh rốn OHESO: Thiết kế rãnh rốn Oheso giúp hạn chế tối đa tiếp xúc giữa tã và phần cuống rốn của trẻ, bảo vệ vùng rốn bé luôn khô ráo. 3. Màng đáy xốp êm: Màng đáy dạng vải êm mềm, thoát ẩm, cho da bé hô hấp tự nhiên, giảm nguy cơ hăm tã. 4. Bề mặt Cotton-soft: Bề mặt siêu mềm mại với Cream Vitamin E chăm sóc nhẹ nhàng cho làn da bé sơ sinh. CHẤT LIỆU Vải không dệt, Hạt siêu thấm, Bông cellulose, PE, Chun, Polyme kết dính, Giấy tráng Silicon, Vitamin E dưỡng da ĐỐI TƯỢNG SỬ DỤNG Miếng lót sơ sinh Bobby Newborn 1: Dành cho trẻ trên 1 tháng tuổi. HƯỚNG DẪN SỬ DỤNG MIẾNG LÓT SƠ SINH CHO BÉ YÊU Bước 1: Sau khi đã vệ sinh sạch sẽ vùng mặc tã cho bé bằng nước ấm, dùng khăn mềm để thấm khô. Bước 2: Thoa kem chống hăm trước khi mặc tã cho bé để tránh hăm tã. Bước 3: Bóc miếng giấy dán ở phần mặt ngoài miếng lót. Bước 4: Dán trực tiếp vào tã vải hay quần đóng tã và mặc cho bé. THÔNG TIN SẢN PHẨM Thương hiệu: Bobby. Xuất xứ: Việt Nam. Bảo quản nơi khô ráo, tránh bụi và ánh nắng trực tiếp. HSD: 04 năm kể từ NSX. CÁCH CHỌN SIZE MIẾNG LÓT BOBBY Cân nặng bé sơ sinh: ~ 5kg Bé sơ sinh < 1 tháng tuổi: newborn 1 Bé sơ sinh > 1 tháng tuổi: newborn 2 Số miếng: Bobby Newborn 1: 28 miếng – 64 miếng – 108 miếng Bobby Newborn 2: 40 miếng – 60 miếng THÔNG TIN THƯƠNG HIỆU Gần 20 năm qua, sản phẩm Chăm sóc trẻ em của Diana Unicharm tự hào được lựa chọn và đồng hành cùng hàng triệu em bé Việt Nam từ những ngày đầu tiên chào đời. Vừa được nghiên cứu, thiết kế để trở nên phù hợp với đặc điểm của trẻ Việt Nam, vừa được ứng dụng các công nghệ tiên tiến, được sản xuất trên dây chuyền hiện đại của Nhật Bản, các dòng sản phẩm này ngày càng trở nên chất lượng hơn. Tự hào là thành viên của Tập đoàn Unicharm – Nhà sản xuất tã trẻ em số 1 Nhật Bản, chúng tôi cam kết sẽ nỗ lực hơn nữa để đem đến sự thoải mái tối đa cho bé yêu và sẽ luôn là người bạn đồng hành đáng tin cậy bên bố mẹ trên hành trình chăm sóc bé. * Bao bì thay đổi theo từng đợt nhập hàng. Giá sản phẩm trên Tiki đã bao gồm thuế theo luật hiện hành. Bên cạnh đó, tuỳ vào loại sản phẩm, hình thức và địa chỉ giao hàng mà có thể phát sinh thêm chi phí khác như phí vận chuyển, phụ phí hàng cồng kềnh, thuế nhập khẩu (đối với đơn hàng giao từ nước ngoài có giá trị trên 1 triệu đồng).....","{Sản phẩm có được bảo hành không?: Không, Thương hiệu: Bobby, Xuất xứ thương hiệu: Việt Nam, Xuất xứ (Made in): Việt Nam}",1,Tiki Trading,,,,,FALSE,https://tiki.vn/cua-hang/tiki-trading,10414,Mẹ & Bé,"Tã, Bỉm",Miếng lót sơ sinh,1887,179.0,0,0.3372575151784392,0.9885836698664809,1.0,1.0,0.9977167339732962
260921798,2727850000000,Miếng Lót Bé Sơ Sinh Bobby Newborn 2 ( NB2 60 ) 60 Miếng Cho Bé Lớn Hơn 1 Tháng - Tã Lót Trẻ Sơ Sinh NB 2 > 1 Tháng,"Miếng Lót Bé Sơ Sinh Bobby Newborn 2 ( NB2 60 ) 60 Miếng Cho Bé Lớn Hơn 1 Tháng - Tã Lót Trẻ Sơ Sinh NB 2 > 1 ThángThấu hiểu làn da bé sơ sinh vô cùng non nớt và nhạy cảm, miếng lót Bobby Newborn ...",125100,125100,0,0,5,2,,1000,1000,26863,Bobby,available,,https://tiki.vn/product-p260921798.html?spid=260921799,"Miếng Lót Bé Sơ Sinh Bobby Newborn 2 ( NB2 60 ) 60 Miếng Cho Bé Lớn Hơn 1 Tháng - Tã Lót Trẻ Sơ Sinh NB 2 > 1 Tháng Thấu hiểu làn da bé sơ sinh vô cùng non nớt và nhạy cảm, miếng lót Bobby Newborn 2 ứng dụng công nghệ từ Tập đoàn Unicharm (Nhật Bản) mang đến dòng miếng lót siêu thấm khô thoáng với lớp thấm hút nhanh siêu tốc, làn da bé sẽ luôn được bảo vệ, giúp bé thoải mái ngủ ngon, chơi vui suốt ngày dài. Bobby Newborn 2 với 60 miếng tiện lợi sẽ giúp mẹ bảo vệ bé tốt nhất trong những năm tháng đầu đời Đặc điểm nổi bật Lớp thấm nhanh siêu tốc Miếng lót Bobby Newborn 2 cải tiến hơn về công nghệ giúp bề mặt với 8.000 lỗ thấm hút siêu nhanh cho da bé luôn khô thoáng Rãnh rốn Oheso Thiết kế rãnh hạn chế tối đa tiếp xúc giữa tã và cuống rốn, bảo vệ vùng rốn bé luôn khô thoáng Màng đáy xốp êm Màng đáy dạng vải êm mềm, thoát ẩm, cho da bé hô hấp tự nhiên, giảm nguy cơ hăm tã Bề mặt Cotton-Soft Bề mặt siêu mềm mại với Cream Vitamin E chăm sóc nhẹ nhàng cho làn da bé sơ sinh Thành phần Vải không dệt, Hạt siêu thấm, Bông Cellulose, Polyethylen, Chun, Polyme kết dính, Giấy tráng silicone, Vitamin E dưỡng da Hướng dẫn chọn miếng lót - Size NB1( Newborn 1): bé dưới 1 tháng - Size NB2 ( Newborn 2): bé trên 1 tháng Hướng dẫn thay miếng lót Bước 1 Dán miếng lót vào tã vải hoặc quần tã. Đặt bé lên sao cho lưng tã ngang hông bé. Kéo phần trước tã qua hai chân lên ngang bụng. Bước 2 - Với tã vải, lần lượt quấn góc trái và góc phải của tã lại và thắt nút, - Với quần tã, dán khóa dính lên đai dính trước bụng sao cho phù hợp với vòng bụng của bé. Bước 3 Luồn ngón tay trỏ vào phần lưng bé nếu thấy thoải mái là vừa vặn. Giá sản phẩm trên Tiki đã bao gồm thuế theo luật hiện hành. Bên cạnh đó, tuỳ vào loại sản phẩm, hình thức và địa chỉ giao hàng mà có thể phát sinh thêm chi phí khác như phí vận chuyển, phụ phí hàng cồng kềnh, thuế nhập khẩu (đối với đơn hàng giao từ nước ngoài có giá trị trên 1 triệu đồng).....","{Thương hiệu: Bobby, Xuất xứ thương hiệu: Việt Nam, Xuất xứ (Made in): Việt Nam, Hạn sử dụng: 4 năm kể từ ngày sản xuất, Sản phẩm có được bảo hành không?: Không}",312455,Bách Hoá Phúc An Củ Chi,,,,,FALSE,https://tiki.vn/cua-hang/bach-hoa-phuc-an-cu-chi,10414,Mẹ & Bé,"Tã, Bỉm",Miếng lót sơ sinh,64,2.0,0,0.301263635914902,0.5736818740450733,1.0,1.0,0.9147363748090147
413088,8102080000000,Miếng Lót Sơ Sinh Bobby Fresh Newborn 2 - 40 (40 Miếng),"GIỚI THIỆUMiếng lót Bobby Newborn 2 dành cho bé trên 1 tháng với 40 miếng tiện lợi. Bề mặt sản phẩm được lụa hóa, êm mềm, hút thấm một chiều, không thấm ngược trở lại, giúp bề mặt luôn khô thoáng, s...",89000,98000,9000,9,4.8,712,,1000,1000,26863,Bobby,available,,https://tiki.vn/product-p413088.html?spid=116053,"GIỚI THIỆU Miếng lót Bobby Newborn 2 dành cho bé trên 1 tháng với 40 miếng tiện lợi. Bề mặt sản phẩm được lụa hóa, êm mềm, hút thấm một chiều, không thấm ngược trở lại, giúp bề mặt luôn khô thoáng, sạch sẽ. Công nghệ siêu thấm cùng lớp thấm nhanh siêu tốc mang đến cho bé sơ sinh cảm giác khô thoáng để bé ngủ ngoan, chơi ngoan cả ngày. Miếng lót Bobby Newborn 2 sẽ là một lựa chọn hoàn hảo của mẹ cho bé trong những năm tháng đầu đời, giúp bảo vệ bé tốt nhấ ĐẶC ĐIỂM NỔI BẬT Thấm nhanh siêu tốc Với bề mặt miếng lót mềm mịn có khả năng thấm hút siêu nhanh, mang lại cho bé cảm giác làn da luôn khô thoáng. Màng đáy thoát ẩm đa chiều giúp da bé được hô hấp tự nhiên, chống hăm và khử mùi hôi hiệu quả. Vách chống tràn Miếng lót Bobby có vách chống tràn thông minh, có khả năng co giãn linh hoạt giúp chống tràn hiệu quả. Bổ sung vitamin E Miếng lót bổ sung vitamin E tăng cường bảo vệ và nuôi dưỡng làn da non nớt của bé. Hướng dẫn sử dụng Thoa kem chống hăm trước khi sử dụng tã lót cho bé. Không nên mặc tã cho bé quá 6 tiếng đồng hồ liên tiếp. Hướng dẫn mẹ chọn size tã Bobby phù hợp cho bé Size Cân nặng / Độ tuổi Size NB1 < 1 tháng tuổi Size NB2 > 1 tháng tuổi Size S < 7kg Size M 6 – 10kg Size L 9 – 13kg Size XL 12 – 17kg Size XXL > 16kg CHẤT LIỆU Vải không dệt, Hạt siêu thấm, Bông cellulose, PE, Chun, Polyme kết dính, Giấy tráng Silicon, Vitamin E dưỡng da ĐỐI TƯỢNG SỬ DỤNG Miếng lót sơ sinh Bobby Newborn 1: Dành cho trẻ trên 1 tháng tuổi. HƯỚNG DẪN SỬ DỤNG MIẾNG LÓT SƠ SINH CHO BÉ YÊU Bước 1: Sau khi đã vệ sinh sạch sẽ vùng mặc tã cho bé bằng nước ấm, dùng khăn mềm để thấm khô. Bước 2: Thoa kem chống hăm trước khi mặc tã cho bé để tránh hăm tã. Bước 3: Bóc miếng giấy dán ở phần mặt ngoài miếng lót. Bước 4: Dán trực tiếp vào tã vải hay quần đóng tã và mặc cho bé. THÔNG TIN SẢN PHẨM Thương hiệu: Bobby. Xuất xứ: Việt Nam. Bảo quản nơi khô ráo, tránh bụi và ánh nắng trực tiếp. HSD: 04 năm kể từ NSX. CÁCH CHỌN SIZE MIẾNG LÓT BOBBY Cân nặng bé sơ sinh: ~ 5kg Bé sơ sinh < 1 tháng tuổi: newborn 1 Bé sơ sinh > 1 tháng tuổi: newborn 2 Số miếng: Bobby Newborn 1: 28 miếng – 64 miếng – 108 miếng Bobby Newborn 2: 40 miếng – 60 miếng THÔNG TIN THƯƠNG HIỆU Gần 20 năm qua, sản phẩm Chăm sóc trẻ em của Diana Unicharm tự hào được lựa chọn và đồng hành cùng hàng triệu em bé Việt Nam từ những ngày đầu tiên chào đời. Vừa được nghiên cứu, thiết kế để trở nên phù hợp với đặc điểm của trẻ Việt Nam, vừa được ứng dụng các công nghệ tiên tiến, được sản xuất trên dây chuyền hiện đại của Nhật Bản, các dòng sản phẩm này ngày càng trở nên chất lượng hơn. Tự hào là thành viên của Tập đoàn Unicharm – Nhà sản xuất tã trẻ em số 1 Nhật Bản, chúng tôi cam kết sẽ nỗ lực hơn nữa để đem đến sự thoải mái tối đa cho bé yêu và sẽ luôn là người bạn đồng hành đáng tin cậy bên bố mẹ trên hành trình chăm sóc bé. * Bao bì thay đổi theo từng đợt nhập hàng. Giá sản phẩm trên Tiki đã bao gồm thuế theo luật hiện hành. Bên cạnh đó, tuỳ vào loại sản phẩm, hình thức và địa chỉ giao hàng mà có thể phát sinh thêm chi phí khác như phí vận chuyển, phụ phí hàng cồng kềnh, thuế nhập khẩu (đối với đơn hàng giao từ nước ngoài có giá trị trên 1 triệu đồng).....","{Sản phẩm có được bảo hành không?: Không, Thương hiệu: Bobby, Xuất xứ thương hiệu: Việt Nam, Xuất xứ (Made in): Việt Nam, Hạn sử dụng: 4 năm kể từ ngày SX}",1,Tiki Trading,,,,,FALSE,https://tiki.vn/cua-hang/tiki-trading,10414,Mẹ & Bé,"Tã, Bỉm",Miếng lót sơ sinh,20259,758.0,0,0.688,0.7298067643443622,0.8863402179814757,1.0,0.8891314618596102
186358687,3531170000000,MIẾNG LÓT SƠ SINH BOBBY NB1 64 MIẾNG,"Đặc điểm nổi bật chứa chất dưỡng da giúp da bé mềm mịn, chống hăm tã. với chất liệu thiên nhiên an toàn cho da bé. thấm nhanh siêu tốc nhờ các lỗ thấm trên bề mặt tã giúp bé luôn khô thoáng.Rãnh r...",103000,103000,0,0,4,2,,1000,1000,26863,Bobby,available,,https://tiki.vn/product-p186358687.html?spid=186358688,"Đặc điểm nổi bật chứa chất dưỡng da giúp da bé mềm mịn, chống hăm tã. với chất liệu thiên nhiên an toàn cho da bé. thấm nhanh siêu tốc nhờ các lỗ thấm trên bề mặt tã giúp bé luôn khô thoáng. Rãnh rốn Oheso Vì phần rốn trẻ nhỏ luôn cần được bảo vệ, rãnh rốn Oheso sẽ hạn chế tiếp xúc giữa tã và cuốn rốn nhằm tránh ảnh hưởng đến sức khỏe của bé. Thấm hút siêu tốc được thiết kế với cấu tạo đa lỗ, tã thấm hút thật nhanh chất lỏng giúp trẻ luôn khô thoáng, tránh hăm tã. Bổ sung kem dưỡng cho da Trên bề mặt  được bao phủ lớp Vitamin E giúp chăm sóc làn da non nớt của bé. Màng đáy thoát hơi ẩm Hơi nóng sẽ được thoát ra bên ngoài giúp da bé dễ hô hấp. Giá sản phẩm trên Tiki đã bao gồm thuế theo luật hiện hành. Bên cạnh đó, tuỳ vào loại sản phẩm, hình thức và địa chỉ giao hàng mà có thể phát sinh thêm chi phí khác như phí vận chuyển, phụ phí hàng cồng kềnh, thuế nhập khẩu (đối với đơn hàng giao từ nước ngoài có giá trị trên 1 triệu đồng).....","{Thương hiệu: Bobby, Xuất xứ thương hiệu: Việt Nam, Xuất xứ (Made in): Việt Nam, Sản phẩm có được bảo hành không?: Không}",230619,Vaca Baby House,,,,,FALSE,https://tiki.vn/cua-hang/vaca-baby-house,10414,Mẹ & Bé,"Tã, Bỉm",Miếng lót sơ sinh,10,2.0,0,0.24019744311170343,0.3740826221842079,1.0,1.0,0.8748165244368415
249243782,2563940000000,Miếng lót sơ sinh Huggies Skin Perfect NB1 64+4/NB1 108+6 miếng với 2 vùng thấm giảm kích ứng da,"Giới thiệuMiếng lót Sơ Sinh Huggies Tràm Trà NB1 64 miếng và 108 miếng*Bao bì cũ:Miếng lót sơ sinh NB HUGGIES DRY – với bề mặt được bổ sung tinh chất TRÀM TRÀ TỰ NHIÊN, giúp mang đến cảm giác dịu ...",105000,105000,0,0,4.6,5,,1000,1000,26702,Huggies,available,,https://tiki.vn/product-p249243782.html?spid=276569487,"Giới thiệu Miếng lót Sơ Sinh Huggies Tràm Trà NB1 64 miếng và 108 miếng *Bao bì cũ: Miếng lót sơ sinh NB HUGGIES DRY – với bề mặt được bổ sung tinh chất TRÀM TRÀ TỰ NHIÊN, giúp mang đến cảm giác dịu da, nâng niu làn da bé qua từng giấc ngủ. *Bao bì mới: Miếng lót sơ sinh Huggies Skin Perfect 2 vùng thấm giảm kích ứng da NB1 tự hào là chiếc tã đầu tiên ở Việt Nam với 2 vùng thấm phân và nước tiểu riêng biệt, giúp hạn chế sự trộn lẫn của phân và nước tiểu, từ đó giảm nguy cơ kích ứng da cho bé. Đây là cải tiến đầu tiên trên thị trường - công nghệ Dual zone, giúp mẹ có sự chăm sóc tốt nhất cho làn da nhạy cảm của con! Chất liệu Bông Đặc điểm nổi bật *Bao bì cũ: Khả năng thoáng khí được chứng minh lâm sàng giúp NGỪA HĂM TÃ, nhờ công nghệ Màng đáy thoát ẩm 100% giúp không khí lưu thông dễ dàng, cho da bé luôn được khô thoáng dài lâu. 99,9% NGĂN THẤM NGƯỢC - Công nghệ khóa ẩm BONG BÓNG 3D giúp thấm hút tức thời, khóa chặt chất lỏng sâu bên trong và ngăn thấm ngược. *Bao bì mới: Miếng lót có thiết kế DUAL ZONE với 2 vùng siêu thấm riêng biệt, được thiết kế để thấm và khóa nước tiểu và phân đồng thời ngăn tràn 2 bên hiệu quả. Thấm hút xuyên đêm đến 12h** với dung lượng thấm hút lớn cho bé yên giấc trọn đêm. Giảm phân lỏng đến 93% trên da bé** nhờ bề mặt được thiết kế riêng biệt để thấm và khóa chặt phân lỏng Được chứng minh lâm sàng giúp ngừa hăm da*** nhờ vào khả năng thoáng khí. Chăm sóc hoàn hảo cho bé sơ sinh: Bề mặt êm mềm cả mặt trong và ngoài nhờ vào lớp vật liệu cao cấp. Màng đáy thoát ẩm 100% giúp da bé lúc nào cũng khô thoáng. Công dụng Tã Huggies được các chuyên gia đầu ngành chứng nhận có khả năng ngăn ngừa hăm tã hiệu quả cho trẻ. Miếng lót sơ sinh Huggies có khả năng thấm hút vượt trội với 1000 phễu siêu thấm cùng các rãnh dọc chứa hạt Smart lock đảm bảo thấm hút siêu nhanh, khóa chặt chất lỏng. Hướng dẫn sử dụng Bước 1: Để sử dụng miếng lót sơ sinh an toàn cho bé, mẹ cần gỡ lớp giấy bảo vệ keo dán trên miếng lót, sau đó dán trực tiếp vào tã vải. Bước 2: Tiếp theo, mẹ cần gỡ miếng lót bẩn ra và vệ sinh vùng da mặc tã của bé bằng khăn bông mềm thấm nước ấm hoặc khăn ướt không chứa cồn sản xuất riêng cho em bé. Một lưu ý nhỏ là đối với bé gái, mẹ cần lau sạch từ trên xuống dưới để vùng vệ sinh của bé không bị nhiễm trùng. Bước 3: Bước cuối cùng là mặc miếng lót mới cho bé. Trước khi mặc miếng lót mới, mẹ cần đảm bảo da bé đã được lau khô sạch sẽ để tránh tình trạng hăm tã. Hướng dẫn bảo quản Bảo quản nơi khô ráo, thoáng mát, tránh ánh sáng trực tiếp Tránh xa tầm tay trẻ em Kích thước sản phẩm Size NB1 - cho bé dưới 5kg. Size NB2 - cho bé 4-8 kg. Thông tin khác HSD: 3 năm kể từ ngày sản xuất (ngày sản xuất: xem trên bao bì) THÔNG TIN THƯƠNG HIỆU TẬP ĐOÀN KIMBERLY CLARK - MỘT LỊCH SỬ ĐÁNG TỰ HÀO Thành lập vào năm 1872 tại Wisconsin, Mỹ, là đơn vị kinh doanh hàng đầu các sản phẩm Chăm sóc sức khỏe gia đình, Chăm sóc sức khỏe trẻ em cùng những sản phẩm vệ sinh chuyên dụng. Hiện nay, Kimberly Clark cùng những thương hiệu của mình tự hào là một phần không thể thiếu trong cuộc sống con người tại hơn 175 quốc gia. Mỗi ngày, hơn 1/4 thế giới tin tưởng Kimberly Clark để nâng cao sức khỏe, cải thiện vệ sinh và chất lượng cuộc sống. Nhờ vào sự tin tưởng của khách hàng mà hiện nay, Kimberly Clark đang nắm giữ vị trí số 1 trong việc cung cấp các sản phẩm thiết yếu tại hơn 80 quốc gia trên toàn thế giới. Giá sản phẩm trên Tiki đã bao gồm thuế theo luật hiện hành. Bên cạnh đó, tuỳ vào loại sản phẩm, hình thức và địa chỉ giao hàng mà có thể phát sinh thêm chi phí khác như phí vận chuyển, phụ phí hàng cồng kềnh, thuế nhập khẩu (đối với đơn hàng giao từ nước ngoài có giá trị trên 1 triệu đồng).....","{Thương hiệu: Huggies, Xuất xứ (Made in): Việt Nam, Sản phẩm có được bảo hành không?: Không}",33537,Huggies Viet Nam,,,,,FALSE,https://tiki.vn/cua-hang/huggies-viet-nam,10414,Mẹ & Bé,"Tã, Bỉm",Miếng lót sơ sinh,28,5.0,0,0.2765528407127696,0.35451902127630713,1.0,1.0,0.8709038042552615
110694825,2300570000000,Combo 1 Miếng lót siêu thấm Bobby Newborn 1 - 108 miếng và 1 Gói khăn ướt trẻ em Bobby care không hương 100 tờ,Combo gồm:01 x Miếng lót siêu thấm Bobby Newborn 1 - 108 miếng01 x Khăn ướt trẻ em Bobby care không hương 100 tờMiếng lót Bobby Newborn 1 dành riêng cho các bé từ 0 đến 1 tháng tuổi với 108 miếng vô...,217000,217000,0,0,0,0,,1000,1000,26863,Bobby,available,,https://tiki.vn/product-p110694825.html?spid=242504980,"Combo gồm: 01 x Miếng lót siêu thấm Bobby Newborn 1 - 108 miếng 01 x Khăn ướt trẻ em Bobby care không hương 100 tờ Miếng lót Bobby Newborn 1 dành riêng cho các bé từ 0 đến 1 tháng tuổi với 108 miếng vô cùng tiện lợi. Miếng lót ứng dụng công nghệ từ Tập đoàn Unicharm (Nhật Bản) là miếng lót duy nhất được thiết kế riêng biệt bảo vệ vùng rốn bé sơ sinh, đồng thời giữ cho làn da bé thật êm mềm, khô thoáng. Sản phẩm sẽ giúp mẹ chăm sóc sức khỏe bé tốt nhất trong những năm tháng đầu đời còn non nớt. ĐẶC ĐIỂM NỔI BẬT Rãnh rốn Oheso Miếng lót Bobby Newborn 1 có thiết kế thông minh với rãnh rốn Oheso, hạn chế tối đa tiếp xúc giữa tã và phần cuống rốn non nớt của bé, bảo vệ vùng rốn bé yêu luôn thông thoáng và khô ráo. Lớp thấm nhanh siêu tốc Bề mặt vi sợi với vô số lỗ thấm hút siêu nhanh cho da bé luôn khô thoáng, thích hợp để giữ cho làn da bé sơ sinh khô thoáng, mềm mại tuyệt đối. Bề mặt Cotton-Soft Bề mặt miếng lót siêu mềm mại, bổ sung Cream Vitamin E giúp chăm sóc nhẹ nhàng cho làn da bé sơ sinh. Mặt đáy xốp êm, thoát ẩm Mặt đáy thoát ẩm êm mềm, dịu nhẹ, giúp đẩy hơi nóng ẩm ra ngoài một cách nhanh chóng, giúp da hô hấp tự nhiên, ngăn ngừa hăm tã. Vách chống tràn thông minh Với hệ thun co giãn linh hoạt, ngăn tràn hiệu quả, đồng thời tạo cho bé cảm giác thoải mái, dễ chịu trong từng cử động. Tinh chất trà xanh Công dụng diệt khuẩn và khử mùi nhẹ nhàng của trà xanh giúp đem lại hương thơm thơm mát và ngừa hăm tã hiệu quả. Khăn ướt Bobby là sản phẩm chăm sóc trẻ em của Tập đoàn Unicharm - Nhật Bản. Hơn 40 năm qua, sản phẩm Chăm sóc trẻ em của Unicharm đồng hành cùng hàng triệu em bé Nhật Bản từ những ngày đầu tiên chào đời, và tự hào được lựa chọn là nhà sản xuất tã lót em bé số 1 tin dùng bởi các bà mẹ Nhật. Nay, sản phẩm khăn ướt trẻ em được phát triển ứng dụng công nghệ của nhà dẫn đầu, Bobby cam kết đem đến sự thoải mái, an toàn và nâng niu tối đa cho bé yêu - như vòng tay âu yếm của mẹ. ĐẶC ĐIỂM NỔI BẬT - Chất liệu từ spunlace dày, mềm, mịn, được sản xuất trong môi trường vô trùng, an toàn tuyệt đối. - Ứng dụng công nghệ Nano Bạc giúp tăng cường khả năng chống vi khuẩn, hiệu quả với tụ cầu khuẩn vàng. Công thức 99% nước tinh khiết, dịu nhẹ ngay cả cho làn da nhạy cảm nhất của bé. - Sản phẩm được Hội Sản Phụ Khoa Việt Nam khuyên dùng vì hoàn toàn không chứa chất tạo mùi, chất bảo quản parabens và cồn. - Thiết kế lá cắt giúp mẹ có thể rút từng tờ khăn ướt dễ dàng khi chỉ với một tay, nhất là trong lúc thay tã cho bé. - Thiết kế đóng gói nắp đậy tiện lợi cho việc chăm sóc bé mọi lúc mọi nơi, giúp bé luôn sạch sẽ và cảm thấy mát mẻ, đặc biệt thích hợp khi thay tã hoặc khi bé đi chơi xa. - Khóa ấn bảo vệ ngăn không cho nắp mở tự do. - Có thể dùng cho cả gia đình, phù hợp với nhiều mục đích làm sạch như: việc tẩy trang, khi đi du lịch, luyện tập thể thao, *Lưu ý: Không sử dụng sản phẩm trên vùng da có vết thương hở, xước, sưng tấy hay bị chàm. Không sử dụng cho vùng da niêm mạc mũi hay quanh mắt. Xuất xứ : Nhật Bản Nơi sản xuất : Việt Nam Hạn sử dụng : 4 năm kể từ ngày sản xuất THÔNG TIN THƯƠNG HIỆU Bobby là thương hiệu nổi tiếng của công ty Diana, thuộc tập đoàn Unicharm Nhật Bản, chuyên cung cấp những sản phẩm chất lượng cao cấp dành cho trẻ em. Ra mắt thị trường Việt Nam từ năm 2003, Bobby trở thành thương hiệu tã giấy được ưa chuộng và tin dùng bởi sự sáng tạo độc đáo và đầy yêu thương dành cho trẻ em, với thiết kế các loại tã giấy màng đáy thoáng khí dạng vải, đem đến sự khô thoáng và bảo vệ làn da của các bé. Tháng 12 năm 2005, Bobby lại đi tiên phong trên thị trường Việt Nam bằng việc cải tiến sản phẩm tã giấy chống hăm 3 tác động với lõi bông siêu thấm, màng đáy thoáng khí dạng vải và tinh chất trà xanh. Sử dụng dây chuyền sản xuất hiện đại kết hợp với thế mạnh là thành viên của tập đoàn hàng đầu thế giới Unicharm Nhật Bản, công ty Diana luôn đi đầu trong việc ứng dụng các công nghệ hiện đại trong lĩnh vực sản xuất các sản phẩm chăm sóc vệ sinh cá nhân để sáng tạo ra những sản phẩm chất lượng cao nhất, phù hợp nhất và Bobby là một minh chứng cho điều đó. Giá sản phẩm trên Tiki đã bao gồm thuế theo luật hiện hành. Bên cạnh đó, tuỳ vào loại sản phẩm, hình thức và địa chỉ giao hàng mà có thể phát sinh thêm chi phí khác như phí vận chuyển, phụ phí hàng cồng kềnh, thuế nhập khẩu (đối với đơn hàng giao từ nước ngoài có giá trị trên 1 triệu đồng).....","{Thương hiệu: Bobby, Xuất xứ thương hiệu: Nhật Bản, Xuất xứ (Made in): Việt Nam, Sản phẩm có được bảo hành không?: Không}",110726,Shop Mẹ Và Bé UnMei,,,,,FALSE,https://tiki.vn/cua-hang/shop-me-va-be-unmei,10414,Mẹ & Bé,"Tã, Bỉm",Miếng lót sơ sinh,0,9.0,0,0.0,0.521967460742733,0.9269063798598496,1.0,0.8678466820784714
58767957,3703420000000,Miếng lót siêu thấm Bobby Newborn 1 - 108 miếng,Miếng lót Bobby Newborn 1 dành riêng cho các bé từ 0 đến 1 tháng tuổi với 108 miếng vô cùng tiện lợi. Miếng lót ứng dụng công nghệ từ Tập đoàn Unicharm (Nhật Bản) là miếng lót duy nhất được thiết kế r...,180000,180000,0,0,0,0,,1000,1000,26863,Bobby,available,,https://tiki.vn/product-p58767957.html?spid=197745554,"Miếng lót Bobby Newborn 1 dành riêng cho các bé từ 0 đến 1 tháng tuổi với 108 miếng vô cùng tiện lợi. Miếng lót ứng dụng công nghệ từ Tập đoàn Unicharm (Nhật Bản) là miếng lót duy nhất được thiết kế riêng biệt bảo vệ vùng rốn bé sơ sinh, đồng thời giữ cho làn da bé thật êm mềm, khô thoáng. Sản phẩm sẽ giúp mẹ chăm sóc sức khỏe bé tốt nhất trong những năm tháng đầu đời còn non nớt. THÔNG TIN SẢN PHẨM - Xuất xứ : Nhật Bản - Nơi sản xuất : Việt Nam - Hạn sử dụng : 2022 - Gói 108 miếng dành cho bé dưới 1 tháng tuổi ĐẶC ĐIỂM NỔI BẬT Rãnh rốn Oheso Miếng lót Bobby Newborn 1 có thiết kế thông minh với rãnh rốn Oheso, hạn chế tối đa tiếp xúc giữa tã và phần cuống rốn non nớt của bé, bảo vệ vùng rốn bé yêu luôn thông thoáng và khô ráo. Lớp thấm nhanh siêu tốc Bề mặt vi sợi với vô số lỗ thấm hút siêu nhanh cho da bé luôn khô thoáng, thích hợp để giữ cho làn da bé sơ sinh khô thoáng, mềm mại tuyệt đối. Bề mặt Cotton-Soft Bề mặt miếng lót siêu mềm mại, bổ sung Cream Vitamin E giúp chăm sóc nhẹ nhàng cho làn da bé sơ sinh. Mặt đáy xốp êm, thoát ẩm Mặt đáy thoát ẩm êm mềm, dịu nhẹ, giúp đẩy hơi nóng ẩm ra ngoài một cách nhanh chóng, giúp da hô hấp tự nhiên, ngăn ngừa hăm tã. Vách chống tràn thông minh Với hệ thun co giãn linh hoạt, ngăn tràn hiệu quả, đồng thời tạo cho bé cảm giác thoải mái, dễ chịu trong từng cử động. Tinh chất trà xanh Công dụng diệt khuẩn và khử mùi nhẹ nhàng của trà xanh giúp đem lại hương thơm thơm mát và ngừa hăm tã hiệu quả. THÔNG TIN THƯƠNG HIỆU Bobby là thương hiệu nổi tiếng của công ty Diana, thuộc tập đoàn Unicharm Nhật Bản, chuyên cung cấp những sản phẩm chất lượng cao cấp dành cho trẻ em. Ra mắt thị trường Việt Nam từ năm 2003, Bobby trở thành thương hiệu tã giấy được ưa chuộng và tin dùng bởi sự sáng tạo độc đáo và đầy yêu thương dành cho trẻ em, với thiết kế các loại tã giấy màng đáy thoáng khí dạng vải, đem đến sự khô thoáng và bảo vệ làn da của các bé. Tháng 12 năm 2005, Bobby lại đi tiên phong trên thị trường Việt Nam bằng việc cải tiến sản phẩm tã giấy chống hăm 3 tác động với lõi bông siêu thấm, màng đáy thoáng khí dạng vải và tinh chất trà xanh. Sử dụng dây chuyền sản xuất hiện đại kết hợp với thế mạnh là thành viên của tập đoàn hàng đầu thế giới Unicharm Nhật Bản, công ty Diana luôn đi đầu trong việc ứng dụng các công nghệ hiện đại trong lĩnh vực sản xuất các sản phẩm chăm sóc vệ sinh cá nhân để sáng tạo ra những sản phẩm chất lượng cao nhất, phù hợp nhất và Bobby là một minh chứng cho điều đó. Giá sản phẩm trên Tiki đã bao gồm thuế theo luật hiện hành. Bên cạnh đó, tuỳ vào loại sản phẩm, hình thức và địa chỉ giao hàng mà có thể phát sinh thêm chi phí khác như phí vận chuyển, phụ phí hàng cồng kềnh, thuế nhập khẩu (đối với đơn hàng giao từ nước ngoài có giá trị trên 1 triệu đồng).....","{Thương hiệu: Bobby, Xuất xứ thương hiệu: Nhật Bản, Xuất xứ (Made in): Việt Nam, Hạn sử dụng: 3 năm kể từ ngày sản xuất, Sản phẩm có được bảo hành không?: Không}",110726,Shop Mẹ Và Bé UnMei,,,,,FALSE,https://tiki.vn/cua-hang/shop-me-va-be-unmei,10414,Mẹ & Bé,"Tã, Bỉm",Miếng lót sơ sinh,2,175.0,0,3.948862234068809e-05,0.5232010279625237,0.9205374239080785,1.0,0.8649089175465439
249260131,3067280000000,Combo 2 gói Miếng lót sơ sinh Huggies Skin Perfect 2 vùng thấm giảm kích ứng da NB1 64+4/NB1 108+6 miếng,BỘ SẢN PHẨM BAO GỒM02 X Miếng lót Sơ Sinh Huggies Tràm Trà NB1 64 miếng + 8 miếng tã dán size S 02 X Miếng lót Sơ Sinh Huggies Tràm Trà NB1 108 miếng + 12 miếng NB1  MÔ TẢ SẢN PHẨM*Bao bì mới...,210000,210000,0,0,5,1,,1000,1000,26702,Huggies,available,,https://tiki.vn/product-p249260131.html?spid=276569320,"BỘ SẢN PHẨM BAO GỒM 02 X Miếng lót Sơ Sinh Huggies Tràm Trà NB1 64 miếng + 8 miếng tã dán size S 02 X Miếng lót Sơ Sinh Huggies Tràm Trà NB1 108 miếng + 12 miếng NB1 MÔ TẢ SẢN PHẨM *Bao bì mới: Miếng lót sơ sinh Huggies Skin Perfect 2 vùng thấm giảm kích ứng da NB1 tự hào là chiếc tã đầu tiên ở Việt Nam với 2 vùng thấm phân và nước tiểu riêng biệt, giúp hạn chế sự trộn lẫn của phân và nước tiểu, từ đó giảm nguy cơ kích ứng da cho bé. Đây là cải tiến đầu tiên trên thị trường - công nghệ Dual zone, giúp mẹ có sự chăm sóc tốt nhất cho làn da nhạy cảm của con! ĐẶC ĐIỂM NỔI BẬT 1. Miếng lót có thiết kế DUAL ZONE với 2 vùng siêu thấm riêng biệt, được thiết kế để thấm và khóa nước tiểu và phân đồng thời ngăn tràn 2 bên hiệu quả. 2. Thấm hút xuyên đêm đến 12h** với dung lượng thấm hút lớn cho bé yên giấc trọn đêm. 3. Giảm phân lỏng đến 93% trên da bé** nhờ bề mặt được thiết kế riêng biệt để thấm và khóa chặt phân lỏng. 4. Được chứng minh lâm sàng giúp ngừa hăm da*** nhờ vào khả năng thoáng khí. 5. Chăm sóc hoàn hảo cho bé sơ sinh: Bề mặt êm mềm cả mặt trong và ngoài nhờ vào lớp vật liệu cao cấp. Màng đáy thoát ẩm 100% giúp da bé lúc nào cũng khô thoáng. *Bao bì cũ: Miếng lót sơ sinh NB HUGGIES DRY – với bề mặt được bổ sung tinh chất TRÀM TRÀ TỰ NHIÊN, giúp mang đến cảm giác dịu da, nâng niu làn da bé qua từng giấc ngủ. Đặc điểm nổi bật: - Khả năng thoáng khí được chứng minh lâm sàng giúp NGỪA HĂM TÃ, nhờ công nghệ Màng đáy thoát ẩm 100% giúp không khí lưu thông dễ dàng, cho da bé luôn được khô thoáng dài lâu. - 99,9% NGĂN THẤM NGƯỢC - Công nghệ khóa ẩm BONG BÓNG 3D giúp thấm hút tức thời, khóa chặt chất lỏng sâu bên trong và ngăn thấm ngược. KÍCH THƯỚC Size NB1 - cho bé dưới 5kg. Size NB2 - cho bé 4-8 kg. HƯỚNG DẪN SỬ DỤNG Gỡ giấy dán ở phần mặt ngoài miếng lót rồi dán trực tiếp vào tã vải hay quần đóng tã. HƯỚNG DẪN BẢO QUẢN Bảo quản nơi khô ráo, thoáng mát, tránh ánh sáng trực tiếp Tránh xa tầm tay trẻ em HSD: 3 năm kể từ ngày sản xuất (ngày sản xuất: xem trên bao bì) Thương hiệu: Huggies Xuất xứ thương hiệu: Mỹ Xuất xứ sản phẩm: Việt Nam THÔNG TIN THƯƠNG HIỆU TẬP ĐOÀN KIMBERLY CLARK - MỘT LỊCH SỬ ĐÁNG TỰ HÀO Thành lập vào năm 1872 tại Wisconsin, Mỹ, là đơn vị kinh doanh hàng đầu các sản phẩm Chăm sóc sức khỏe gia đình, Chăm sóc sức khỏe trẻ em cùng những sản phẩm vệ sinh chuyên dụng. Hiện nay, Kimberly Clark cùng những thương hiệu của mình tự hào là một phần không thể thiếu trong cuộc sống con người tại hơn 175 quốc gia. Mỗi ngày, hơn 1/4 thế giới tin tưởng Kimberly Clark để nâng cao sức khỏe, cải thiện vệ sinh và chất lượng cuộc sống. Nhờ vào sự tin tưởng của khách hàng mà hiện nay, Kimberly Clark đang nắm giữ vị trí số 1 trong việc cung cấp các sản phẩm thiết yếu tại hơn 80 quốc gia trên toàn thế giới. Giá sản phẩm trên Tiki đã bao gồm thuế theo luật hiện hành. Bên cạnh đó, tuỳ vào loại sản phẩm, hình thức và địa chỉ giao hàng mà có thể phát sinh thêm chi phí khác như phí vận chuyển, phụ phí hàng cồng kềnh, thuế nhập khẩu (đối với đơn hàng giao từ nước ngoài có giá trị trên 1 triệu đồng).....","{Thương hiệu: Huggies, Xuất xứ (Made in): Việt Nam, Sản phẩm có được bảo hành không?: Không}",33537,Huggies Viet Nam,,,,,FALSE,https://tiki.vn/cua-hang/huggies-viet-nam,10414,Mẹ & Bé,"Tã, Bỉm",Miếng lót sơ sinh,5,1.0,0,0.3000987215558517,0.3166606291475187,1.0,1.0,0.8633321258295037
170779952,8786560000000,Miếng lót Bobby Newborn 2 - 60 miếng (cho bé > 1 tháng tuổi),"Miếng lót Bobby Newborn 2 60 miếng an toàn cho trẻ sơ sinh   Nhu cầu sử dụng tã giấy của bé khác nhau theo từng giai đoạn. Từ 1-3 tháng, bé chưa cần dùng đến loại tã dạng quần vì nhu cầu đ...",135000,135000,0,0,3,2,,1000,1000,26863,Bobby,available,,https://tiki.vn/product-p170779952.html?spid=188803076,"Miếng lót Bobby Newborn 2 60 miếng an toàn cho trẻ sơ sinh Nhu cầu sử dụng tã giấy của bé khác nhau theo từng giai đoạn. Từ 1-3 tháng, bé chưa cần dùng đến loại tã dạng quần vì nhu cầu đi vệ sinh còn chưa ổn định. Bỉm tã Bobby Newborn 2 được làm hoàn toàn bằng chất liệu cao cấp là sự lựa chọn thích hợp và an toàn cho bé trong giai đoạn từ 1 tháng trở lên. Nguồn gốc thương hiệu Bobby Đặc điểm nổi bật của miếng lót Bobby NewBorn 2 60 miếng - LỚP THẤM NHANH SIÊU TỐC - RÃNH RỐN OHESO - MÀNG ĐÁY XỐP ÊM - BỀ MẶT COTTON-SOFT Hướng dẫn mẹ sử dụng tã vải đúng cách: Dựa vào tài chính của gia đình cũng như sự thích ứng của con để mẹ chọn được loại tã vải phù hợp. – Cách mặc tã, mẹ luồn miếng lót vào vỏ quần, đặt tã vào đúng vị trí mông bé, sau đó cố định tã bằng dãy cúc để bé thoải mái nhất. Nhờ có dãy cúc bấm giúp chỉnh size này, mẹ cũng tiết kiệm trong khoản mua tã vải và bé nhà mình cũng thoải mái khi mặc. – Thời gian thay tã thích hợp là 3-4 giờ đồng hồ với tã vải ban ngày, 5-7 tiếng đối với tã vài ban đêm. Mẹ sẽ không cần phải trông vì sợ bé tè liên tục. Bé được an toàn và thoải mái mà mẹ cũng đỡ vất vả hơn so với việc dùng bỉm. – Vệ sinh tã vải cho bé cũng rất đơn giản. Thay tã xong, mẹ hãy lấy miếng lót ra, xả bỏ sạch chất thải của bé và bắt đầu giặt. Mẹ có thể giặt bằng tay hoặc giặt bằng máy. Nhưng, mẹ không nên giặt bằng nước xả vải vì có thể sẽ làm giảm khả năng thấm hút của tã vải. Thông tin chi tiết sản phẩm • Dành cho bé từ 1 tháng tuổi trở lên • Xuất xứ: Bỉm cho bé Bobby - Hàng Việt Nam chất lượng cao ----------------------------------- Nhà nhập khẩu: Công ty cổ phần Kids Plaza Địa chỉ: 20 Thái Thịnh, Ngã Tư Sở, Đống Đa, HN VPĐD: Tầng 4 CT2, Bắc Hà-C14, Tố Hữu, Trung Văn, HN Giá sản phẩm trên Tiki đã bao gồm thuế theo luật hiện hành. Bên cạnh đó, tuỳ vào loại sản phẩm, hình thức và địa chỉ giao hàng mà có thể phát sinh thêm chi phí khác như phí vận chuyển, phụ phí hàng cồng kềnh, thuế nhập khẩu (đối với đơn hàng giao từ nước ngoài có giá trị trên 1 triệu đồng).....","{Thương hiệu: Bobby, Xuất xứ thương hiệu: Việt Nam, Xuất xứ (Made in): Việt Nam, Hạn sử dụng: 1 năm, Sản phẩm có được bảo hành không?: Không}",230619,Vaca Baby House,,,,,FALSE,https://tiki.vn/cua-hang/vaca-baby-house,10414,Mẹ & Bé,"Tã, Bỉm",Miếng lót sơ sinh,49,6.0,0,0.18096747124734686,0.41443133061302584,0.952430052672478,1.0,0.8591012924588441
216350870,8399150000000,Dùng Kèm Tã Vải Tam Giác - Mẫu mới tặng thêm 6 Miếng- Miếng Lót Sơ Sinh Huggies NB1 108 miếng - Cho Bé Dưới 5kg - HSD luôn mới,"Giới thiệuMiếng lót sơ sinh Huggies NB1 108 miếng - Huggies Skin Perfect là dòng tã 2 vùng thấm riêng biệt, giúp phân và nước tiểu không trộn lẫn với nhau. Đây là dòng sản phẩm có nhiều cải tiến vượt...",136200,136200,0,0,5,1,,1000,1000,26702,Huggies,available,,https://tiki.vn/product-p216350870.html?spid=216350871,"Giới thiệu Miếng lót sơ sinh Huggies NB1 108 miếng - Huggies Skin Perfect là dòng tã 2 vùng thấm riêng biệt, giúp phân và nước tiểu không trộn lẫn với nhau. Đây là dòng sản phẩm có nhiều cải tiến vượt trội, thay thế hoàn toàn cho tã sơ sinh tràm trà Huggies Dry. Chất liệu Bông Đặc điểm nổi bật Thay thế tã sơ sinh tràm trà Huggies Dry với nhiều cải tiến vượt trội Giúp giảm đáng kể nguy cơ kích ứng da. Duy trì pH trên da bé <7 & Giảm tác nhân gây kích ứng (Mẹ có biết: Kích ứng da là một trong những nguyên nhân chính cản trở sự phát triển toàn diện của bé. Sự tiếp xúc của phân và nước tiểu làm tăng cao nguy cơ kích ứng da. 5.5 là mức pH tối ưu để da bé được khoẻ mạnh) Công nghệ 2 vùng thấm Dual Zone (vùng thấm nước tiểu và vùng thấm phân lỏng) Giảm phân lỏng trên da bé đến 93% (thấm và khoá chặt phân lỏng) Thấm hút đến 12h Bé ngủ ngon cả đêm (Tã có dung lượng lớn) Hướng dẫn sử dụng Để sử dụng miếng lót sơ sinh, đầu tiên bạn gỡ giấy dán ở phần mặt ngoài miếng lót rồi dán trực tiếp vào tã vải hay quần đóng tã. Hướng dẫn bảo quản Bảo quản nơi khô ráo, thoáng mát, tránh ánh sáng trực tiếp Tránh xa tầm tay trẻ em * Lưu ý: Bao bì sản phẩm có thể thay đổi tùy đợt nhập hàng Giá sản phẩm trên Tiki đã bao gồm thuế theo luật hiện hành. Bên cạnh đó, tuỳ vào loại sản phẩm, hình thức và địa chỉ giao hàng mà có thể phát sinh thêm chi phí khác như phí vận chuyển, phụ phí hàng cồng kềnh, thuế nhập khẩu (đối với đơn hàng giao từ nước ngoài có giá trị trên 1 triệu đồng).....","{Thương hiệu: Huggies, Xuất xứ (Made in): Việt Nam, Sản phẩm có được bảo hành không?: Không}",312455,Bách Hoá Phúc An Củ Chi,,,,,FALSE,https://tiki.vn/cua-hang/bach-hoa-phuc-an-cu-chi,10414,Mẹ & Bé,"Tã, Bỉm",Miếng lót sơ sinh,19,2.0,0,0.3003751419122365,0.2794969902809976,1.0,1.0,0.8558993980561995
